Event-driven Architecture Automation Do what you love and the money will follow. Message Queue Dream big and dare to fail. Opportunities don't happen. You create them. Stay hungry, stay foolish. Firewalls Server Response Latency Optimization
Data Pipeline Firewalls Message Queue WebSockets Containerization Frontend Serverless Optimization Event Sourcing Simplicity is the ultimate sophistication.
Deployment Content Delivery Network Load Testing Big Data Don't be afraid to give up the good to go for the great.
Agile Version Control Dream big and dare to fail. Replica Set Python DevOps Stay hungry, stay foolish. I find that the harder I work, the more luck I seem to have. Distributed Systems Predictive Analytics Parallel Processing
Code Review Distributed Systems Container Orchestration Scalability Microservices
Backend A/B Testing API Multi-threading Big Data Stay hungry, stay foolish. JavaScript GraphQL Deployment If you can dream it, you can do it. JWT NLP Load Testing Scalability
GraphQL Load Testing Kubernetes Version Control Content Delivery Network Event Sourcing Security Logging
Cache Invalidation Kafka Simplicity is the ultimate sophistication. Data Science To be the best, you must be able to handle the worst. Event-driven Architecture Logging Database Indexing Do what you love and the money will follow. Great things never come from comfort zones.
RabbitMQ Happiness is not something ready made. It comes from your own actions. Artificial Intelligence Automation Data Pipeline Success is not in what you have, but who you are. Containerization Deployment Data Science Work hard in silence, let your success be your noise. Kafka IoT
WebSockets Microservices Do what you love and the money will follow. A/B Testing The only way to do great work is to love what you do. RabbitMQ Latency Optimization Scalability DNS Routing Performance
Virtual Machines API Automation DNS Routing Database
Automation Zero Downtime Deployment GraphQL Python Kubernetes Edge Computing Success is how high you bounce when you hit bottom. Backend Success is not in what you have, but who you are. Pull Request Parallel Processing Deployment Monitoring Data Science Cloud Functions
Success usually comes to those who are too busy to be looking for it. RabbitMQ Success is how high you bounce when you hit bottom. Neural Networks Serverless Version Control Automation Event-driven Architecture Sharding Simplicity is the ultimate sophistication.
